{
    "kwargs": {
        "maxiter": 10
    },
    "controllable": {
        "HPBH:221F003": {
            "rate": 0.02,
            "bounds": [
                447.9024600000001,
                3898.782733333333
            ]
        },
        "HPBH:221F011": {
            "rate": 0.02,
            "bounds": [
                0.0,
                175.64964137931037
            ]
        },
        "HPBH:221U829": {
            "rate": 0.02,
            "bounds": [
                0.0,
                200.5775700000001
            ]
        }
    },
    "noncontrollable": [
        "HPBH:221F004",
        "HPBH:221T028",
        "HPBH:221T035",
        "HPBH:221T044"
    ]
}